order-1,uuid-1,299.99,completed
order-2,uuid-2,149.50,pending
order-3,uuid-3,89.75,shipped
order-4,uuid-4,199.00,completed
order-5,uuid-5,45.25,cancelled
order-6,uuid-6,350.80,processing
order-7,uuid-7,125.60,completed
order-8,uuid-8,78.90,shipped
order-9,uuid-9,220.45,pending
order-10,uuid-10,167.30,completed
order-11,uuid-11,95.15,processing
order-12,uuid-12,310.75,shipped
order-13,uuid-13,55.40,cancelled
order-14,uuid-14,189.85,completed
order-15,uuid-15,275.20,pending
order-16,uuid-16,134.65,processing
order-17,uuid-17,98.30,shipped
order-18,uuid-18,245.90,completed
order-19,uuid-19,67.80,cancelled
order-20,uuid-20,156.45,pending
order-21,uuid-21,289.70,completed
order-22,uuid-22,112.35,processing
order-23,uuid-23,203.60,shipped
order-24,uuid-24,87.25,completed
order-25,uuid-25,345.15,pending
order-26,uuid-26,178.90,processing
order-27,uuid-27,234.55,completed
order-28,uuid-28,91.40,cancelled
order-29,uuid-29,267.80,shipped
order-30,uuid-30,143.25,pending
order-31,uuid-31,198.70,completed
order-32,uuid-32,76.85,processing
order-33,uuid-33,312.40,shipped
order-34,uuid-34,159.60,completed
order-35,uuid-35,225.30,pending
order-36,uuid-36,104.95,cancelled
order-37,uuid-37,287.15,processing
order-38,uuid-38,168.75,completed
order-39,uuid-39,93.50,shipped
order-40,uuid-40,251.20,pending
order-41,uuid-41,137.85,completed
order-42,uuid-42,209.40,processing
order-43,uuid-43,82.65,shipped
order-44,uuid-44,295.90,completed
order-45,uuid-45,174.30,cancelled
order-46,uuid-46,118.75,pending
order-47,uuid-47,263.55,processing
order-48,uuid-48,146.20,completed
order-49,uuid-49,201.85,shipped
order-50,uuid-50,89.40,pending
order-51,uuid-1,456.75,completed
order-52,uuid-2,123.90,processing
order-53,uuid-3,278.45,shipped
order-54,uuid-4,165.30,completed
order-55,uuid-5,334.80,pending
order-56,uuid-6,97.65,cancelled
order-57,uuid-7,219.20,processing
order-58,uuid-8,152.75,completed
order-59,uuid-9,286.40,shipped
order-60,uuid-10,108.95,pending
order-61,uuid-11,241.60,completed
order-62,uuid-12,184.25,processing
order-63,uuid-13,357.90,shipped
order-64,uuid-14,129.55,completed
order-65,uuid-15,273.80,cancelled
order-66,uuid-16,196.45,pending
order-67,uuid-17,315.70,processing
order-68,uuid-18,141.30,completed
order-69,uuid-19,258.95,shipped
order-70,uuid-20,187.60,pending
order-71,uuid-21,302.25,completed
order-72,uuid-22,114.85,processing
order-73,uuid-23,249.50,shipped
order-74,uuid-24,172.15,completed
order-75,uuid-25,328.80,cancelled
order-76,uuid-26,155.45,pending
order-77,uuid-27,291.70,processing
order-78,uuid-28,138.35,completed
order-79,uuid-29,264.90,shipped
order-80,uuid-30,101.25,pending
order-81,uuid-31,237.60,completed
order-82,uuid-32,179.85,processing
order-83,uuid-33,346.20,shipped
order-84,uuid-34,122.75,completed
order-85,uuid-35,268.40,cancelled
order-86,uuid-36,195.95,pending
order-87,uuid-37,311.30,processing
order-88,uuid-38,148.65,completed
order-89,uuid-39,283.90,shipped
order-90,uuid-40,167.25,pending
order-91,uuid-41,325.80,completed
order-92,uuid-42,109.45,processing
order-93,uuid-43,254.70,shipped
order-94,uuid-44,191.35,completed
order-95,uuid-45,337.60,cancelled
order-96,uuid-46,174.95,pending
order-97,uuid-47,298.20,processing
order-98,uuid-48,135.85,completed
order-99,uuid-49,271.50,shipped
order-100,uuid-50,163.75,pending

