id,email,name,passwordHash
uuid-1,admin@example.com,Admin User,hash1
uuid-2,employee@example.com,Employee User,hash2
uuid-3,jane@example.com,Jane,hash3
uuid-4,john@example.com,John,hash4
uuid-5,alice.smith@example.com,Alice Smith,hash5
uuid-6,bob.johnson@example.com,Bob Johnson,hash6
uuid-7,charlie.brown@example.com,Charlie Brown,hash7
uuid-8,diana.prince@example.com,Diana Prince,hash8
uuid-9,edward.norton@example.com,Edward Norton,hash9
uuid-10,fiona.green@example.com,Fiona Green,hash10
uuid-11,george.wilson@example.com,George Wilson,hash11
uuid-12,helen.davis@example.com,Helen Davis,hash12
uuid-13,ivan.petrov@example.com,Ivan Petrov,hash13
uuid-14,julia.roberts@example.com,Julia Roberts,hash14
uuid-15,kevin.hart@example.com,Kevin Hart,hash15
uuid-16,laura.croft@example.com,Laura Croft,hash16
uuid-17,michael.scott@example.com,Michael Scott,hash17
uuid-18,nancy.drew@example.com,Nancy Drew,hash18
uuid-19,oscar.wilde@example.com,Oscar Wilde,hash19
uuid-20,patricia.jones@example.com,Patricia Jones,hash20
uuid-21,quincy.adams@example.com,Quincy Adams,hash21
uuid-22,rachel.green@example.com,Rachel Green,hash22
uuid-23,steve.jobs@example.com,Steve Jobs,hash23
uuid-24,tina.turner@example.com,Tina Turner,hash24
uuid-25,ulysses.grant@example.com,Ulysses Grant,hash25
uuid-26,victoria.beckham@example.com,Victoria Beckham,hash26
uuid-27,william.shakespeare@example.com,William Shakespeare,hash27
uuid-28,xena.warrior@example.com,Xena Warrior,hash28
uuid-29,yoda.master@example.com,Yoda Master,hash29
uuid-30,zoe.saldana@example.com,Zoe Saldana,hash30
uuid-31,aaron.paul@example.com,Aaron Paul,hash31
uuid-32,betty.white@example.com,Betty White,hash32
uuid-33,carlos.santana@example.com,Carlos Santana,hash33
uuid-34,deborah.morgan@example.com,Deborah Morgan,hash34
uuid-35,ethan.hunt@example.com,Ethan Hunt,hash35
uuid-36,frank.sinatra@example.com,Frank Sinatra,hash36
uuid-37,grace.kelly@example.com,Grace Kelly,hash37
uuid-38,henry.ford@example.com,Henry Ford,hash38
uuid-39,iris.west@example.com,Iris West,hash39
uuid-40,jack.sparrow@example.com,Jack Sparrow,hash40
uuid-41,kate.winslet@example.com,Kate Winslet,hash41
uuid-42,leonardo.dicaprio@example.com,Leonardo DiCaprio,hash42
uuid-43,morgan.freeman@example.com,Morgan Freeman,hash43
uuid-44,natalie.portman@example.com,Natalie Portman,hash44
uuid-45,oliver.twist@example.com,Oliver Twist,hash45
uuid-46,penelope.cruz@example.com,Penelope Cruz,hash46
uuid-47,quentin.tarantino@example.com,Quentin Tarantino,hash47
uuid-48,robert.downey@example.com,Robert Downey Jr,hash48
uuid-49,scarlett.johansson@example.com,Scarlett Johansson,hash49
uuid-50,tom.hanks@example.com,Tom Hanks,hash50
uuid-51,uma.thurman@example.com,Uma Thurman,hash51
uuid-52,vin.diesel@example.com,Vin Diesel,hash52
uuid-53,will.smith@example.com,Will Smith,hash53
uuid-54,xavier.woods@example.com,Xavier Woods,hash54
uuid-55,yasmin.khan@example.com,Yasmin Khan,hash55
uuid-56,zachary.levi@example.com,Zachary Levi,hash56
uuid-57,amanda.seyfried@example.com,Amanda Seyfried,hash57
uuid-58,bradley.cooper@example.com,Bradley Cooper,hash58
uuid-59,cameron.diaz@example.com,Cameron Diaz,hash59
uuid-60,daniel.craig@example.com,Daniel Craig,hash60
uuid-61,emma.stone@example.com,Emma Stone,hash61
uuid-62,freddie.mercury@example.com,Freddie Mercury,hash62
uuid-63,gal.gadot@example.com,Gal Gadot,hash63
uuid-64,hugh.jackman@example.com,Hugh Jackman,hash64
uuid-65,idris.elba@example.com,Idris Elba,hash65
uuid-66,jennifer.lawrence@example.com,Jennifer Lawrence,hash66
uuid-67,keanu.reeves@example.com,Keanu Reeves,hash67
uuid-68,lucy.liu@example.com,Lucy Liu,hash68
uuid-69,matt.damon@example.com,Matt Damon,hash69
uuid-70,nicole.kidman@example.com,Nicole Kidman,hash70
uuid-71,orlando.bloom@example.com,Orlando Bloom,hash71
uuid-72,priyanka.chopra@example.com,Priyanka Chopra,hash72
uuid-73,queen.latifah@example.com,Queen Latifah,hash73
uuid-74,ryan.reynolds@example.com,Ryan Reynolds,hash74
uuid-75,sandra.bullock@example.com,Sandra Bullock,hash75
uuid-76,taylor.swift@example.com,Taylor Swift,hash76
uuid-77,usher.raymond@example.com,Usher Raymond,hash77
uuid-78,vanessa.hudgens@example.com,Vanessa Hudgens,hash78
uuid-79,wesley.snipes@example.com,Wesley Snipes,hash79
uuid-80,xander.cage@example.com,Xander Cage,hash80
uuid-81,yara.shahidi@example.com,Yara Shahidi,hash81
uuid-82,zendaya.coleman@example.com,Zendaya Coleman,hash82
uuid-83,antonio.banderas@example.com,Antonio Banderas,hash83
uuid-84,blake.lively@example.com,Blake Lively,hash84
uuid-85,chris.evans@example.com,Chris Evans,hash85
uuid-86,denzel.washington@example.com,Denzel Washington,hash86
uuid-87,elizabeth.olsen@example.com,Elizabeth Olsen,hash87
uuid-88,forest.whitaker@example.com,Forest Whitaker,hash88
uuid-89,gwyneth.paltrow@example.com,Gwyneth Paltrow,hash89
uuid-90,harrison.ford@example.com,Harrison Ford,hash90
uuid-91,isla.fisher@example.com,Isla Fisher,hash91
uuid-92,james.bond@example.com,James Bond,hash92
uuid-93,keira.knightley@example.com,Keira Knightley,hash93
uuid-94,liam.neeson@example.com,Liam Neeson,hash94
uuid-95,mila.kunis@example.com,Mila Kunis,hash95
uuid-96,neil.patrick@example.com,Neil Patrick Harris,hash96
uuid-97,oprah.winfrey@example.com,Oprah Winfrey,hash97
uuid-98,paul.walker@example.com,Paul Walker,hash98
uuid-99,queen.elizabeth@example.com,Queen Elizabeth,hash99
uuid-100,robin.williams@example.com,Robin Williams,hash100
